007474ff-7e20-4999-a5d2-2aba9308eb42.mp3,Italian
00c65e13-39e6-4b71-89c3-e855c616bdfc.mp3,French
00df1f95-145d-4ea0-bd9b-319e7ed6bde8.mp3,German
013c99c3-a515-41e6-baef-a9f59e1f9ff8.mp3,Italian
014678bc-a632-4f78-98ad-bd8120eedb72.mp3,German
019699a3-b94e-4114-afe9-9848ab90cc73.mp3,Italian
02ecd419-ece3-47ae-916d-a429aab935dd.mp3,French
032c3465-0a58-43b6-a33b-51b3101b4f1d.mp3,Spanish
03706346-4945-4a92-a991-624201e72966.mp3,German
04650922-0912-4cf5-a5f3-d21c760c29a0.mp3,English
05ece919-e749-4998-80ec-4205b20b884a.mp3,Spanish
067254d6-c657-47e5-a7f5-ef8c83abb620.mp3,English
06816912-d3b0-49ec-9167-11503d599e7c.mp3,Italian
06c29f91-5ca5-476e-b1ae-e222a793fc20.mp3,Spanish
06c8c196-3390-4c2b-92d6-1eba145df779.mp3,Spanish
0745369a-ab4f-4d66-82a5-51e17d24055a.mp3,English
0752c817-88a0-48c1-b8e2-b34e0e3e7adf.mp3,Italian
076fd6e9-a993-431b-8c36-742eb63d2484.mp3,Spanish
077b941c-1791-478f-8cde-c1d54d5a7a5e.mp3,French
07a3b6e0-9882-4430-bb39-5e43fc349205.mp3,French
07a68157-fdb7-4219-910e-06e009ef53fa.mp3,French
07cfeb63-8021-4026-a4ae-c84b7adf7be6.mp3,Italian
087956fe-8bd9-4711-9192-0a07f761abfe.mp3,French
08820b58-7258-4f5e-af2b-395e3fa12855.mp3,Spanish
08e1cfd2-d2c9-44b0-a350-9bb0eacf45ae.mp3,German
0a2471da-d562-4d65-93f7-f9beaec19006.mp3,Italian
0b08ebaf-6e4e-4032-9a54-838e0362ee45.mp3,Spanish
0b2a188d-c546-4b3d-b554-f380607ec4bf.mp3,German
0b84ff3e-262d-4249-a5cd-6c6110e91e9a.mp3,German
0c5ea9eb-3c60-47a8-acbf-4182e172fd46.mp3,English
0c6b15ed-4a98-4bd1-865d-cd50a523bf03.mp3,Spanish
0cefc727-ae74-4939-938a-24504207f482.mp3,French
0cf118fe-70c0-4cfb-bf07-4433a220a61e.mp3,Spanish
0d0c949f-7328-4253-91fe-e3a431647cf8.mp3,Italian
0d4607d8-3353-4362-9d76-efab60efbae9.mp3,French
0da4fee1-9f35-4853-af17-39d648fa57ae.mp3,English
0da82d87-1422-42a8-ab0a-b029536be857.mp3,German
0dd9d60c-bd24-42d6-ae0b-aeb82100a125.mp3,English
0e085504-ebe6-41d8-a99a-e1a442943525.mp3,French
0e5f94c5-8aed-4368-994e-a594e508afa1.mp3,Italian
0e7d98ff-db3f-46db-8831-dc8132cf0a98.mp3,German
0e877297-a33e-43a0-8977-f2316a26f25f.mp3,French
0ee9e2a1-2962-4be3-b506-408056f075c7.mp3,Italian
0f62d1fa-3c51-4b90-8b80-03d76219bd59.mp3,Italian
0f95b885-bd9e-4bca-8dab-e96ce9db0a35.mp3,German
0fd71b68-e8ab-46e0-b53a-0552c6e82374.mp3,French
100c634c-22a7-4ec2-9783-513eff80337e.mp3,English
10213813-a13e-46ca-8b31-b904240d2224.mp3,Italian
111b840d-44f9-400f-a925-b71e43a945a0.mp3,English
11823194-adc8-4018-9b1a-8d1c62837573.mp3,German
118bd073-9f55-4e4a-9bbf-c9737322f3a0.mp3,French
11a13ea0-4659-4f58-bf94-48171f10936c.mp3,German
11b1a921-8e12-4900-886c-a8de01d50be2.mp3,German
11e5ef87-d935-473d-9ff4-2129b3d4800e.mp3,Spanish
129a916a-77f3-4af3-9052-dec845600024.mp3,Italian
129b0ff8-c643-4119-a832-aacd9de916b0.mp3,Spanish
12b1ca6e-d332-4969-a4f2-01643bc3f2bd.mp3,Spanish
12d96b8e-54a1-41d4-a50a-04962e76337c.mp3,Italian
13c309af-84d1-42cf-8d03-079246308062.mp3,Italian
13df3605-9628-46c4-b68f-af7eb707b89b.mp3,Spanish
14ed96eb-3df7-4457-b7f8-c203892d6c32.mp3,French
1576355b-8805-47fe-98f9-a182067372a9.mp3,Spanish
15cf3ba3-80a1-49ad-82ce-affd5dc0e54c.mp3,English
178abb8a-83b1-45d3-bd46-69b1ef8e31e9.mp3,Spanish
17ab7d74-27ce-485d-aad5-c124435ba351.mp3,English
17fccdbf-a2ad-4543-a71e-b4e21979ecdb.mp3,Italian
181827eb-9123-47d6-afaf-f98b1ffe2582.mp3,Italian
1850a4a7-2f24-40d3-8c4a-86b9e7908ad9.mp3,German
19438b0a-28bc-4841-b809-e07bd242e41f.mp3,Italian
199613a0-7317-4d5c-bc69-825a33ee3eaa.mp3,French
1a132ef2-1f03-450c-9278-1ebdc99caea7.mp3,French
1a521073-c829-4b60-af12-9b5cd36ddab1.mp3,Spanish
1accecca-1542-462f-ad5b-e0664e4b1cb9.mp3,French
1af32b12-6f96-47fa-a2f8-1c09d64c26eb.mp3,German
1b060325-b1f6-4eb7-bad0-b1334c2f0566.mp3,French
1bbb0a1d-fab3-4382-947f-37580cd52284.mp3,Italian
1bfc73aa-1289-4839-8eea-5b27907c87f4.mp3,English
1c64bbdc-ef7d-4a94-b49b-ed6c51145063.mp3,German
1cb27b50-96d2-4a14-91e2-f3ba68409a2b.mp3,German
1cb5d8d1-8e16-4721-b25d-d344b76eb5cf.mp3,English
1dcbbbda-cff1-45d5-abac-5e57bd947852.mp3,French
1e5d38d0-b7b1-4a2b-a221-94d1da730caa.mp3,German
1e78e1b0-b2ab-4990-9ef6-af525ee13ae4.mp3,French
1e8bfe9b-9670-4be0-872f-4393d1e243e0.mp3,Italian
1edfff2b-3e25-4196-ae4a-38c1274232e1.mp3,English
1efc512c-829f-4667-8473-1a890a18aa31.mp3,German
1f0dd5e1-049b-4808-a0db-38e5be0dd6a7.mp3,English
1f770e2e-b62b-44ef-a52b-9ebb8eb2c30c.mp3,German
206fe709-2f4a-4bdf-9a64-ab947ca0220e.mp3,German
208475a6-3c90-4173-9993-2012c656e439.mp3,Spanish
20a6afa1-1cc0-4921-90e1-e261691ea07b.mp3,Italian
20b8caed-6ce0-437e-b754-decc9739eb49.mp3,Italian
2112d409-2462-4deb-a0c2-988163437c2f.mp3,English
219c3311-e3b4-4393-b0f7-6d7d67cc1dc9.mp3,Italian
21b3e0cf-7f9f-4173-91c7-9b2c8edd0798.mp3,Spanish
22059d4c-15fe-45c2-8d65-950ea062c23b.mp3,German
23193eab-b471-46a3-b5d7-96710479b750.mp3,Italian
2462f759-167d-4fd8-bad8-5f573d842e3d.mp3,Italian
24b9d61b-e24a-4603-b000-acab6c95dbe7.mp3,Spanish
25620988-22fd-4c94-9ade-c4caeb803c8f.mp3,French
25f688ad-5bb5-4a32-a761-005246dca15d.mp3,French
26181a76-d734-4e3d-8c44-37ec59703340.mp3,French
269b82b6-5050-4221-a473-32e0923546bf.mp3,English
26f22815-5d20-436d-b8cc-f870a6730644.mp3,Italian
27005e24-1944-4cf7-b4e5-67c26d67a258.mp3,English
270e29b5-b1e7-4154-bfb2-d472b28fa189.mp3,Spanish
27b507e6-fcd1-4b35-89d0-b042156dd110.mp3,English
28130916-33eb-46b5-a72f-a240970b70dd.mp3,Spanish
286147fe-020d-45c4-9915-56cf133a8a30.mp3,English
2882e78d-5e26-42be-aa17-02faf83aed71.mp3,English
2896810f-6f61-4bab-96f0-49cbb7c58f3f.mp3,Spanish
28c73b0a-e6e5-457e-a91f-1d1bb5678728.mp3,German
294066cb-2d72-4c1c-b43c-44ef9dc5aec0.mp3,German
29f4e884-caf3-4484-a1a5-f881d99fadb3.mp3,English
2be84c85-e95a-48a8-8dd2-ce1843e14d27.mp3,German
2c69b04a-7f16-458e-84ef-398f0ebd3767.mp3,English
2c735ba8-1836-44bc-a9c8-1f754adcab97.mp3,German
2c87dc1d-0f1f-4fad-b80c-aa5a7d4d44de.mp3,Spanish
2c9f8b29-ee1a-4f95-9d49-3a216eecf0bd.mp3,English
2cd9bae3-fcc7-493c-98f8-b8f299effc02.mp3,French
2d7f0b9d-c86e-4399-b467-ab2a85730825.mp3,Italian
2e058605-1e96-4c6d-b7da-921449ff9caa.mp3,French
2e374b6d-0e27-4d20-bb2d-7157b15892bc.mp3,Italian
2e52e831-957d-4b21-b60e-ed18cccff839.mp3,German
2e943c21-c569-482c-af54-40d35c72dafd.mp3,Spanish
2e94790e-7cb0-4024-a273-24a068944bee.mp3,German
300d1280-d0fe-4d19-a653-a15715c4a65b.mp3,French
302fb81d-cf37-4036-a360-69f5e6fef485.mp3,English
30982cae-031a-4741-9d4e-ad8628b61804.mp3,French
30ee0cde-2d3a-4d4d-a941-89e040d87542.mp3,French
30f89b70-08c2-45ee-bbc0-9d7f3f04fef3.mp3,German
3174aa97-47fa-4748-a755-0f85f9a90bd6.mp3,Italian
31a5af2b-9410-429d-abb7-cbcd05db0b0b.mp3,French
326404b6-cd31-4a59-8031-5f3484c5738a.mp3,Spanish
32c23eea-bc32-455d-8b36-2f856e62fb73.mp3,Spanish
32c7a946-d3bf-41ad-b176-8fd8d316ffb2.mp3,Spanish
32e22dd5-f2ff-4f12-b1c8-d991c3b32f4f.mp3,Italian
32e7d518-4961-4e42-8819-599583f3f8cb.mp3,Spanish
332e3e1a-f9e4-49f6-9f06-681962c2c55b.mp3,French
3335ec2d-e89f-4a72-a4de-2dff605c62b0.mp3,English
34530ce1-fa23-41c2-b721-4b10a8b801a0.mp3,Spanish
34945136-61c6-4865-b0a2-92268ac7743b.mp3,Spanish
34a84344-dcdb-42f6-ac46-a117e7bfb81f.mp3,French
351530c5-d6bb-4179-937b-0b92a9b624dd.mp3,Spanish
358afc89-54a2-4655-9751-0883dcda510c.mp3,English
361018aa-4bb5-4763-ba37-7f4476383a54.mp3,French
362a448a-4455-45ca-8776-1d4773dbd80b.mp3,Spanish
363416c2-c167-451c-a78d-43c07d7d535d.mp3,Italian
36527dae-929b-48b1-8e65-6fcaa236fa8d.mp3,English
36aa084b-803d-4dd5-bf54-f8f95a1b58f7.mp3,English
36e89ddf-f976-473f-898e-483000e12db1.mp3,Spanish
379ed825-7cab-410e-9ffa-d45e41b533ed.mp3,Italian
3815b745-fdf2-4fba-893d-42c48e5cd09f.mp3,Spanish
388be3da-3cb4-45c5-ad01-5a1d4bab7803.mp3,German
394ba57d-f96e-4b6c-b15a-72a51ebe7631.mp3,German
3a0efbd7-a642-4091-85ea-b25cf00bce4f.mp3,English
3b1a360e-b6d3-4418-aeeb-c7bdf77040ae.mp3,Italian
3b90bb96-be0c-4e36-8990-3eca98e0b91e.mp3,Italian
3b96afa8-8502-4c18-9ca0-9cb36affe6d1.mp3,Spanish
3beca161-8ed8-4aff-94c8-e8e64c498d6d.mp3,Spanish
3c47a702-0a4d-438c-a32e-3ce3854faeb8.mp3,Italian
3c9e79e0-ffa6-4743-870d-d8c36aa05128.mp3,Spanish
3d340376-55c9-44d6-87a3-9d776a2ea6cb.mp3,German
3d7265ca-bfd2-4ce5-b93a-6ec8cf9e5724.mp3,German
3dced009-b71a-4981-9c6f-287a4a8f563c.mp3,Spanish
3e547202-83ba-4a9d-93a8-2846ee44a1b2.mp3,Italian
3f39f39b-ce13-4f08-938c-5370b5427f11.mp3,Spanish
3f4e9053-a712-4e01-a686-773a13261616.mp3,Spanish
400884eb-4f56-49d7-ab22-ff35a9b246da.mp3,German
40880602-c190-4258-8faf-a30672de770b.mp3,English
41a7b499-6b53-4265-a0b5-e9111c7ade39.mp3,Italian
42e0151e-4edf-4af6-99c6-9dca6ccf876f.mp3,English
43416f13-3690-413b-9029-86ce0f4f0115.mp3,German
4447f2d4-3236-46d7-bbc7-1c2b3324619a.mp3,Italian
4489564a-6518-4796-8b23-4643f46acbed.mp3,Spanish
44d40e77-fb78-42e6-a3c5-0f126904e63d.mp3,Italian
44ed8757-9652-45cc-a0be-4a44b1d458bf.mp3,English
4523eed6-ccaf-48e9-b8e1-8b6449886f2a.mp3,German
477e5462-0176-4def-a15c-4ae3d693a0eb.mp3,Spanish
47933af3-8594-4301-a10e-cc879e37997f.mp3,German
488e44e9-1568-4c78-8f4d-07738a470bb0.mp3,Spanish
48a312ae-daf9-4578-880d-e02717119e7d.mp3,French
48a87c27-e6a8-4738-a56e-450c61b5a234.mp3,French
48b293e3-51c6-4c3d-a8c2-0ec50e91b21b.mp3,Spanish
49419c9d-d795-47a8-9297-13cd250eaa28.mp3,English
49801eca-ac26-4096-91d9-726c136df61c.mp3,Spanish
49cc7342-aa5d-4604-8d3c-1d11c31ea86c.mp3,German
49ddb75f-115a-45b5-a61e-c89dec0ad9ee.mp3,Spanish
4a326480-7d2d-4c67-a1be-60e37dc3e040.mp3,French
4a7c538e-0ade-4b56-84af-589733eead77.mp3,English
4ab942b5-b518-45a3-8918-f5d826b98c58.mp3,French
4ac6e18b-1838-4ebd-9183-7461d342548a.mp3,Spanish
4b7b11fb-e8a8-48ba-99bb-8b5a828cd51c.mp3,Italian
4c824e1f-87f5-40b9-a3f4-0481b69440a6.mp3,German
4da3a351-5fa3-409a-b06c-88fdc0c036ef.mp3,French
4dc5255d-f432-41b3-905e-b91d545807df.mp3,French
4e9ce705-60ee-484b-8a26-f7f240825d6e.mp3,Spanish
4edeadd0-ea9e-4ac7-ab76-7a00f04bae5b.mp3,German
4f5b2b91-2e9e-492b-9d75-8cd651ae22ed.mp3,French
4fc84d3a-8a41-48b1-9391-0c3488d44bf9.mp3,French
50187d9f-385d-45c0-8e39-34d4d747393c.mp3,Italian
503d4159-39c6-4752-85f4-dd43624cbf8a.mp3,Spanish
506d9b8d-c87e-4f2e-9225-aa41c11263fe.mp3,Spanish
5179006c-9fbd-4b48-89cd-07335c254804.mp3,Spanish
517abd55-cf77-4737-ad4d-441e01bf9054.mp3,French
51c64c89-8f76-4a00-abdb-8bb147b4c745.mp3,Italian
521b17cd-856e-45f3-a405-ac21bb6d81ab.mp3,English
52e56588-d390-4425-aab0-b1817c5fb70e.mp3,Italian
52fef1db-af75-4b84-91b7-8eabb7e770f6.mp3,French
535d050a-14f5-414a-8f68-351739803f58.mp3,German
53736104-e146-474e-bf86-2c2d07397af5.mp3,Italian
53f5d815-fa18-4aca-862c-84f3524ca7ff.mp3,German
5496d2fc-d040-4c5a-985a-00da9f6cfbc7.mp3,German
54eb1b16-49a1-4daa-84f6-f843873649b2.mp3,English
558b7886-6b5a-4610-9299-5efd999acc81.mp3,Italian
57928ff2-c4cd-4839-a4aa-1f7d28a335f0.mp3,English
582ecb0e-64fe-4331-93d1-027bc7b87617.mp3,French
58b7653b-fc66-4a87-a1ef-3b1c631f62d8.mp3,French
59e360fb-d156-47b6-846f-e82392350cc1.mp3,German
5ae34340-14f4-4b7b-a4ee-9f7210836b66.mp3,French
5b082dd7-22f5-4343-b1ab-8697e592c0a8.mp3,French
5b1a98af-6b26-417a-96d9-92201bc0d37c.mp3,Italian
5b6a7863-d8d7-4147-b40b-ac8d335160b1.mp3,French
5bd2b69d-fa5b-470c-8ca3-45188a4d10d1.mp3,Spanish
5bfebb55-44cd-4850-9b46-03bf6279a9a2.mp3,French
5c139f17-92ee-44bb-a658-2a17baa0ea68.mp3,French
5c36f309-3e9f-43f8-bd28-38673ba80947.mp3,English
5cfb7de8-cefe-485d-bf75-7c4492dcd658.mp3,Spanish
5d5b8e3d-ba1a-41e0-8785-d5032060540c.mp3,Spanish
5d77b9b6-58eb-491f-8931-f5e3ae080f1b.mp3,English
5d93bc17-0bb2-4a58-9534-169157732953.mp3,German
5f142484-2ee5-4d27-9dbc-38f52be08181.mp3,Italian
601a3484-3b7f-4df5-b21b-402ac2d86e73.mp3,German
608ad9cd-de5d-4b3c-98fb-ef6ca7aef5b4.mp3,Italian
60c85a48-2145-458e-89d5-6cf18d5c986c.mp3,German
60f0fa9f-b58b-4789-8cf1-cb371678aaa7.mp3,German
61ac85ca-f2cd-44a8-88b0-83401049108c.mp3,German
61c16dab-81da-4a8d-b924-aa732764765b.mp3,German
62bea918-c2fe-4dc0-95a2-a9822d435c46.mp3,Italian
62d48ff1-9bf1-40bb-b6d7-3fc725b1806e.mp3,Italian
62e332fe-e0f6-4c84-aa5a-a7bada4d5fae.mp3,English
62ea6777-0657-43e7-bd51-d9bde5ddd823.mp3,German
63535290-732a-4c2c-a598-70ffd50159dc.mp3,Spanish
63c49095-42de-4ae2-9cde-b8fdd4b4e144.mp3,Spanish
64fa686d-21fa-4684-8834-6e00554533d9.mp3,Italian
651c2160-8700-46f5-912e-fa75a9e6512f.mp3,Spanish
658419b4-56b2-4a91-a2d1-1e12df3d2c63.mp3,Italian
65b882b7-37a4-442b-97f8-13e6c431fe32.mp3,German
65cceca8-db57-4138-a96a-188231a5c441.mp3,French
66597e3b-f1fe-40f8-831c-4d80e8ef97bd.mp3,French
66bfcd5c-d735-4a5b-809a-e52048b68f17.mp3,English
66c6f12c-fc05-468c-91b1-a23c577d5a4f.mp3,Spanish
66e2f5b9-e451-4ba9-ab8a-eb39ae4be163.mp3,Italian
671c4023-989d-48db-9c41-515767f75bf1.mp3,Spanish
67dbbdeb-c84e-44fc-903c-9f1eb82973e4.mp3,Italian
67e6dbd3-9528-4de1-9dae-a82891534cdc.mp3,English
68a3fad4-9eff-444c-a935-6bd3e09390c7.mp3,Spanish
68fb19c2-ae6b-4a2b-b0b8-81db62732c56.mp3,Italian
695df6bb-5000-4414-87da-bdcd85eb12dd.mp3,German
696196ca-587a-4e84-baaa-bcc29a07065f.mp3,French
6aad2f0c-9c6a-478d-b9ed-09fe9b44e9b4.mp3,Italian
6ae26535-6527-45dc-ba56-e802b8ff87ae.mp3,English
6b691b60-8bf1-4fed-88b5-391ee5223899.mp3,Spanish
6b9723a1-d988-48f3-9848-c79027dcf83e.mp3,French
6c406d65-5254-4a29-8d8e-7a7d10ccad94.mp3,French
6c592d2e-c8f9-4851-9c2c-79b012a4b081.mp3,Italian
6c79d8a4-ff91-4726-882e-e138c8abe705.mp3,Spanish
6ca38ceb-92fd-46ee-b8df-55bbb7529c1e.mp3,Italian
6d7cade5-83a1-4255-875c-a7f04345b388.mp3,English
6e581059-6b05-4c17-a8b4-59f2d10e4d21.mp3,Italian
6e5b9e16-bf24-4cf2-b38a-268d0ec2d6f5.mp3,French
6e9d77c3-c875-4e47-a093-708dd9dfb43a.mp3,German
6ecbcfd3-f341-4bb0-aad3-858b2098e924.mp3,French
6fab50cd-a708-4630-971f-9c21240273e9.mp3,English
7051d78a-f01e-4b59-9d03-c2797bf6c33f.mp3,English
70beb63b-4ee2-4dcb-9fde-73d1843f4cf1.mp3,English
70e124bb-ddfc-4e98-a794-47ea2a1847aa.mp3,Spanish
7118d6b6-6a66-42ad-8c2a-710d0d804a46.mp3,Italian
71524a43-a198-45d8-b61a-c1e368d34acc.mp3,English
72901599-d42e-4d48-b79e-261ce9cfba25.mp3,French
72d88bb1-141e-4f48-ad34-4ae014b85181.mp3,Italian
736fb402-4d05-41a1-aaaf-f4b01cee59a4.mp3,English
73f85491-55d6-4c81-9c2c-ec4ef050158d.mp3,Italian
741ed0de-d8bd-4fab-b08b-f415cdc3f421.mp3,French
74530d0f-aa92-4ec2-b040-6ed382e9844b.mp3,Italian
745b8f3a-5d4c-4dc4-9fae-4f226efb9900.mp3,German
747beaa9-3dc3-4a89-8185-0c88e34d4e02.mp3,Italian
756c9568-55bd-4d3c-a34e-c747943030a4.mp3,Italian
76872bf1-29d3-409f-8cf8-6e209d51d0e9.mp3,German
76db185a-ae2e-4ee7-9770-d361aa7616dd.mp3,English
77149e7a-59df-48b2-b996-046cf56b92ba.mp3,German
773c9e43-9547-4290-b3a9-de120d631b9e.mp3,Italian
77aceae4-9013-4ab4-b969-c813421e662c.mp3,French
77b1bbde-0411-4553-9cf6-684e4a6b5370.mp3,Italian
782b3a4b-c7b3-4d6d-91b5-59abf9b35041.mp3,German
78a4186e-baf1-4e53-8278-8073e6986575.mp3,Spanish
78b84c75-86e6-4e3f-86d7-010d487f708e.mp3,Italian
78ec6f63-73db-414a-9618-0e48b0207cbc.mp3,English
7968ed02-bcdd-4156-9fa9-268bc7a0cfce.mp3,German
79b1bb6d-ce33-4259-9dcd-600aa6e689d9.mp3,Spanish
79cae3c1-4bda-44c7-861f-e6ee94cb07fe.mp3,English
7afa2954-831e-43b2-a76b-826c2e972566.mp3,French
7c9ac190-a0af-42d9-805d-ce711d69c174.mp3,Spanish
7dbb3995-8f85-4ce1-aa5b-6c7fd226e0f6.mp3,French
7e073dcc-d8e5-4670-85e9-fab521a88fd5.mp3,English
7f6912e7-cad4-448b-9707-4a30106467d7.mp3,Spanish
7fa2a297-dee6-40b5-af53-7adf4618c4a4.mp3,English
80643c6e-a620-40bc-b1b0-f6f6823a9da3.mp3,German
807a3cb1-a88f-44e8-8e55-d361cacb7214.mp3,Spanish
80a619ce-088b-4ae6-ac75-321717881f23.mp3,French
80a63488-ed87-4ea1-b43b-5cfa8e50cdff.mp3,Spanish
80a91252-05f5-4a6e-9250-353ec6d413b0.mp3,German
80b6656e-3f83-407e-9561-4ca11dc52b94.mp3,German
815f2567-a944-4d43-9c2f-4465e6408ff6.mp3,German
81f91491-7a31-4a11-ae80-09b3aff96bda.mp3,Italian
835221b7-87ab-4022-8b2e-ee98f0862ba3.mp3,French
8363e6d4-370b-4751-904f-4ccb2bbe6e58.mp3,English
841148fe-1297-4111-a04f-ba0409fd8777.mp3,Italian
8411e079-e2b1-4115-9807-c0b069ef5441.mp3,English
842ddac5-aa8d-4090-a107-e8e71747e935.mp3,French
845cf420-6e5c-44ca-9bbb-efde99fa07d7.mp3,Spanish
8483daf2-be85-4477-a121-8ba4d370be65.mp3,German
84cd48ca-ace3-427f-ab9d-30d47224ec96.mp3,English
8639b8fb-909d-4500-9f7d-a0ff739bf3b7.mp3,French
8646ef77-6d47-4a3c-9733-6714c169b4f5.mp3,Italian
8683412a-c2ac-4e4f-a903-a54f65e3958b.mp3,German
86e42c1a-f31a-40db-b5c9-65ae84ca3bc7.mp3,English
8706cc64-a902-49fe-a908-b0f710bd6af5.mp3,Spanish
872fb050-036d-404d-81d9-1c37e3b3ea57.mp3,German
88013cd7-d4e6-45fb-bfaa-1cd067619d9f.mp3,Spanish
88aaaac7-d02f-4a14-b274-2a094e5f3dd1.mp3,English
89395f6d-495a-4365-94d9-dee387963d83.mp3,Spanish
8ad6b18f-4983-4e78-adf1-a83636b9b219.mp3,Italian
8b32915b-5cc5-4933-814c-22b80887f899.mp3,French
8b61f6fc-8c99-4cca-a6d7-3006e4837fbb.mp3,English
8b8ea14f-f23a-419a-93b6-66a8351579fb.mp3,French
8c14ee30-750f-498f-a8d1-a28b7723a7d7.mp3,French
8c25c462-46fc-4131-9782-589ff2d17fcf.mp3,French
8c419d5a-b8ed-4776-af0f-b687650b7b37.mp3,French
8c59cff0-49be-45de-bf02-1bbac8f9de46.mp3,Italian
8c933064-9f41-4fd5-b81d-93bd9c7c3a44.mp3,English
8ca23ba5-3a88-49f3-a7d1-6a20376df2e5.mp3,Italian
8cbd4777-577f-42cf-bca6-c962b32bf245.mp3,German
8cc16eec-703e-4aee-9097-75c09c7f5552.mp3,French
8ceca97e-198c-4d87-99d8-fd0e465e1b61.mp3,German
8d999db9-3d97-4f3f-901a-ddb5c1658a20.mp3,Italian
8e1ff613-8d9e-44fa-9514-476d87eda24f.mp3,German
8e379fba-66be-4ed0-ad0d-ffa712f22d6f.mp3,French
8e55d3aa-1986-4530-b190-e81c6dc1eb5e.mp3,German
8e80785f-2d1b-4de3-8479-9066d3836eb1.mp3,Italian
8ed4c7c5-d945-413a-b460-75a85f6bb0c8.mp3,French
9019e39f-795a-4ee5-8daf-4fbf277f8ad1.mp3,Spanish
904e6ef4-f094-4741-bb8f-eb187f4770d6.mp3,Italian
9090eaf3-9eb0-455c-a1c3-8f90d7943ed0.mp3,Spanish
91091a28-bc8b-47cb-84e6-91ce51b1159c.mp3,German
91e4629e-19af-4a11-9291-f9b36abb6f30.mp3,English
925abcbe-1b64-49f1-8f69-079d7a2e3958.mp3,German
92627d97-ef64-4d65-98f7-40e428a866a9.mp3,French
92bccef0-5537-4f25-ae56-95c092319d25.mp3,German
92de84d4-b741-4676-a0bb-67f36eb6e061.mp3,German
939b1af2-01f1-4358-9e85-433ca451761f.mp3,French
94283651-2754-4529-bbeb-17567fc31b41.mp3,German
9430da5f-4a31-4330-a5e6-d66154acbec2.mp3,German
948f6937-2a30-419d-8daf-afabba799b45.mp3,German
95060b98-a53b-47e1-84fd-d2f7d286f8b1.mp3,Spanish
955a714f-14c0-4aa5-8cb6-279857fa1ca6.mp3,English
95bb35fb-90ae-4db5-9d7e-83c2d3ec1959.mp3,French
96222719-5426-4384-83d0-f76a829a332a.mp3,Italian
96713367-b23b-49b5-9f6b-8b54df10c958.mp3,English
972d50bb-fda1-4c18-af40-d524fbd18baa.mp3,German
976c20be-d42b-4a42-a685-39dd7575f8bc.mp3,French
977024b8-2865-46eb-aa6e-9a248b8097fd.mp3,German
979acc7a-c5c9-4256-b58f-b6763ddd48b4.mp3,English
97e2af82-5b8b-43e3-93e0-993ad8e4fd8c.mp3,German
98658eca-462b-46a1-8c63-0a0ccaf7abac.mp3,Italian
98b17ba8-314a-471b-8a5e-8a23ff9dd042.mp3,German
98cde7aa-3d51-4ca7-81d8-b945cd2743e3.mp3,English
9938be4d-ab8e-4b39-ba16-4e30899e6945.mp3,English
99ef10c3-5410-4e47-83a4-ba6a827316cc.mp3,German
9a1eedd2-2626-4c10-948c-5010aa92244b.mp3,English
9a404f74-1822-4d26-a8ce-a3c449958c26.mp3,Italian
9a9bc999-f68f-4e74-90b5-fdc41b9d9b37.mp3,Spanish
9aa00020-e7ef-457d-b35d-4e5f1fa4bc4f.mp3,Spanish
9aedd9b3-f464-407b-b5b4-0dfc85208197.mp3,French
9b23f404-8557-4604-a1bf-b83e133a9503.mp3,English
9b9acde1-0a9e-4c55-929b-0df7456c6c56.mp3,Spanish
9c7d5687-9789-467f-880b-47cc29deb049.mp3,Spanish
9cb5ff6c-8f64-46f0-87b9-6eca5359d57f.mp3,German
9e572d66-16da-4f5d-b480-e211cc0f2505.mp3,German
9e5f51b0-d4ea-4fbb-bce5-151f8939c339.mp3,French
9ea19e97-b882-4083-a359-32882ffb193e.mp3,French
9f462de2-55be-490f-8933-c7c4f64f4eda.mp3,German
9fe6d479-2e40-46dc-b36a-fe54c7169811.mp3,Italian
a023be58-2432-46c3-aad0-5d4d373fe5fa.mp3,English
a0c8f2cc-22dc-4787-8975-f8b9901bc5dd.mp3,German
a1112886-69b9-4aa9-b072-d6d04d6e7686.mp3,Italian
a188c8e3-b61a-4c29-ac5d-9798421763cc.mp3,French
a19079d1-19f7-47bf-a3a4-c8349b7c7bc4.mp3,German
a229d088-2b88-4945-91b9-e53e6df4f356.mp3,Spanish
a2ec9341-cd43-4713-a404-f6f1cdc9121a.mp3,French
a323f4de-5419-4a49-932d-92ef5abb7c2f.mp3,English
a36a313d-8568-4287-beb4-a74eab7ac681.mp3,English
a36b1967-a0af-4f9c-88c1-c1c6fd9884d8.mp3,Italian
a3ede1a8-f902-4c5a-bddc-1822f636f6a7.mp3,Italian
a45e0205-8f06-4979-8c5c-81eb3467cbee.mp3,Spanish
a4601f43-9e61-4cfe-82a5-17130fd7b3de.mp3,Spanish
a4dcd93f-5979-4a18-bfae-3ca211cec139.mp3,Italian
a512cf68-7cc1-46bc-9e9f-3a34151c689a.mp3,Spanish
a6775484-bfbf-4578-abb1-a65f10eb8e2e.mp3,English
a7cb7e44-cc9e-49eb-9fdc-6355a019f715.mp3,French
a7d51174-c806-4222-b30e-1e79a80fe20e.mp3,Spanish
a8255016-3d20-4be2-99d2-0e553cdcf0a2.mp3,French
a8a934b6-30c2-4afa-8dda-0c87d43df54c.mp3,German
a8f73669-2272-47a3-bcfd-4622d9c65860.mp3,Spanish
a9095622-08f4-4e2f-a652-ba1cdcbad53a.mp3,French
a91bbeef-487a-42e5-8bdd-7d88e669d648.mp3,Spanish
a94290f7-a329-45da-9787-d9b5ad98717e.mp3,French
a99634c2-64aa-45b3-b4f6-4f0e1988ca5b.mp3,French
a9ed9dcb-2013-43cd-b318-2013eb4bdc67.mp3,Spanish
aa2c678f-0501-4a87-a6d6-791105beecdb.mp3,English
aacb5bbf-8408-4f42-974b-5e99e4eb7f47.mp3,English
ab1c4153-d55f-4e58-88aa-71e870708033.mp3,Italian
abb2e697-8bfd-4e98-a48d-c261792b6169.mp3,Spanish
abb3935e-7ef2-4286-904b-f84d3df38dac.mp3,French
abcf74fa-16a4-40f2-808b-0de4c2bde3f7.mp3,German
ac6e62ae-3d82-475b-b857-7663792d37db.mp3,German
ac73a3cb-b27b-4996-9209-1423f6a6bfc9.mp3,German
ac88d02f-8f1e-42da-8927-02b919833782.mp3,German
ae3eaeb5-5e1a-4a5f-b02f-9b56ecc6d82d.mp3,Italian
af383827-6e5d-40e2-9cc2-e5b4b7ce02d6.mp3,German
af706d4c-9c37-44d8-b679-b900a27a98d4.mp3,Italian
afdd076a-9f96-4907-96a3-9842e184f4a7.mp3,French
b022f70e-5256-49d8-b457-093a288efa84.mp3,French
b0564be4-26fb-4a1e-9410-72eaf7f890ac.mp3,English
b0db8263-31af-4026-ba10-a84f3537700f.mp3,Italian
b20fa4e7-891d-4ee8-bd05-3d8991675e37.mp3,German
b27c816a-0390-4bfa-9144-9e912e70f9ee.mp3,French
b27cf0b4-2b73-4ffc-8430-ae6366bca17b.mp3,English
b33a770b-a1aa-4a80-afb9-2063280e1db2.mp3,French
b35547cd-4b3a-4c74-99d7-1c6709ed386d.mp3,German
b35f2f36-e5a5-40f5-b6c7-1ba83a6dab73.mp3,Italian
b387533c-8c25-4003-bf39-cac27a5b18b3.mp3,German
b5512d71-8dea-4876-a492-758c12a0d2cb.mp3,English
b5931f70-d066-4bba-a01f-65d3dcba7ace.mp3,Spanish
b5a4beb7-cd7b-401a-be75-c4a2ddbb7330.mp3,Italian
b5e406d5-ab10-4dbc-b9b6-25a721743b83.mp3,French
b6585418-51d3-4d65-9c3f-1fc82dec2eba.mp3,French
b6cf3a3d-22f6-4f8e-8842-7d0c6820659b.mp3,French
b6d87e2c-845e-4230-a955-10f4f7abd66c.mp3,French
b713d541-e8b3-4a28-b1c3-b42f0c011d13.mp3,French
b75187e8-0cd7-437f-a72e-0b9f92773ba4.mp3,French
b78b457c-c6fe-4080-aa75-3c1556bf23cc.mp3,Italian
b7ae7c06-855f-45b4-a07d-2cbf69a7cf02.mp3,Spanish
b7afc409-cb94-4fd5-bd5b-787dba16a857.mp3,French
b8005808-34d8-4b9f-bad8-58090dec710a.mp3,English
b8470327-2dde-426c-8bf4-b5c1a96827b9.mp3,English
b922f55c-14e9-48b2-bc7b-973ca6d008ba.mp3,German
b96c418b-f2a8-4fdc-b5f9-b420d94dfc1c.mp3,French
b998ce2f-f9de-483c-943d-06a4887cf778.mp3,Italian
ba0825e1-69df-4bfc-ad4d-87ebdeefc6c2.mp3,English
ba8f3fe7-1ba6-4ae1-a429-b42eef63b6c9.mp3,Spanish
bac002b2-656a-4fc9-b8bb-892cb82b6f6c.mp3,Italian
bbdb8ac3-b3c1-4b93-a115-ba5b9a2fd21b.mp3,German
bd23a9e7-8b58-4998-b4b8-d7099932a006.mp3,Spanish
bd82c9dc-d3fe-4269-a803-7d2c55963de8.mp3,German
bd9a9e68-dc96-41f9-b67b-8eda09cae710.mp3,English
be6ac01f-d5c5-49ec-a7d1-3e22ef1939ba.mp3,English
be8e5011-814e-4b11-9890-6aa752dcef8f.mp3,English
becaacc9-34f3-4125-8a4a-322f30a654dd.mp3,Italian
bf453b61-a752-4585-aefa-b1786905b0e9.mp3,English
bf685d68-f15e-44f3-b926-b5bbc4153754.mp3,English
bf799282-ff1f-4716-a916-7a68b65d60b2.mp3,English
bf9f3eba-ef00-4275-a672-d813691b850f.mp3,Italian
bfb97d85-ffc8-4a20-a7ac-da311e457d7a.mp3,English
bfd695be-d9b2-47fc-864a-38114d000fd8.mp3,French
bfe31e7d-3931-4b93-91be-a87e738ad336.mp3,Italian
c0876dfd-e483-4b0d-9dcd-df154684e1d3.mp3,German
c1b9cbea-0905-4840-9e06-4756f9ecaf9d.mp3,Spanish
c1e6772b-a023-423e-afd8-2b146271eedf.mp3,Italian
c2983ef3-0060-4f1c-aa5f-28df10f55071.mp3,Italian
c2bd964f-be70-48ad-acf0-4f72a584e708.mp3,English
c31a0482-f530-44d3-b8cc-d256eb0f5fa5.mp3,Spanish
c350b919-0d76-445d-a291-a4c72bab53a4.mp3,English
c49f1add-0c92-451a-9109-eed872be3a70.mp3,French
c4bdeaea-858f-409c-b28e-83d73c479fd2.mp3,English
c4db70d9-9336-4d97-b7cb-ac53286851db.mp3,French
c55e730f-985a-4b61-bb24-806613b104c2.mp3,French
c58de78b-7652-45d1-91b4-0e184ebac8bd.mp3,German
c5a73408-8bc0-4af3-8013-af29734f8c88.mp3,Spanish
c666f64d-8bf9-480e-bc20-1f3107d8e62b.mp3,Spanish
c6c028d2-0188-49be-8e91-9e90e9b3ba02.mp3,French
c6f90349-7b0c-48af-bfe3-f4b751dc23e8.mp3,German
c6f9d97e-ab38-49ad-9b12-3c9b948c7600.mp3,English
c77786cb-2668-422e-95f1-f4b73f02bc8e.mp3,Spanish
c8125459-fae3-45d2-83a7-cc02a15a3f1e.mp3,French
c8156907-48ba-42f4-930e-9209d4365793.mp3,English
c94acbe3-b96b-46bf-a38a-22059cb70db2.mp3,French
cca4bfbb-c45e-4dd1-94a6-43675cc743e1.mp3,French
ccae312a-7bd0-48f3-9c53-ab0c45b34b73.mp3,German
cce694c9-3e5b-4c0c-85e8-aa1b3c577754.mp3,German
cd104714-4152-4712-9aa1-ec31761ed010.mp3,Spanish
cd51b222-ef99-4425-9086-857811ed94c8.mp3,Spanish
cd89578a-90b5-4aa9-81d6-ea79be45e169.mp3,Italian
cdbbc694-771b-45d6-bf59-4f5f586b8f26.mp3,German
cdee07ed-27e2-4e0d-ac31-bab9d27e975c.mp3,Spanish
cdf5db53-21dc-4fa4-8eea-c40675ba7d9e.mp3,English
ce335a50-260d-4ac0-87b3-96d1746593d9.mp3,French
cea9fb2b-cd72-4b9d-ade7-2dc825032341.mp3,Italian
ced1f634-604e-4c44-97f8-bd1d099aadd4.mp3,French
cf2e5127-32a6-40eb-bad0-c006a46ee069.mp3,French
d012ed6d-bfc6-4066-9290-aa8a8ab6e244.mp3,French
d013b264-25fd-44e9-8593-681b6b468e3c.mp3,Spanish
d11c9a2e-00c9-4daa-9e71-15c77ffa961a.mp3,German
d1c01860-2a45-4c5c-b751-29d59548e0ec.mp3,English
d22294de-a6be-4c30-8dda-85c2da5398c8.mp3,Spanish
d3908bec-be3b-4bc1-92ed-e0e9c65de0b6.mp3,English
d3996b14-d142-4a84-add9-01a77087d1bc.mp3,German
d3d4c7d9-8d27-48a8-b1de-2e9c0eee162f.mp3,Spanish
d3f66926-8d8b-4ca5-aaab-dfb3d03064b1.mp3,German
d42ad338-f567-4751-93a1-a4efc0d0b10b.mp3,English
d467d9d7-e14a-40cc-bdbe-4c1a5b085fc7.mp3,French
d4799357-dd08-4ef8-b5c5-63dc169d5284.mp3,English
d52ba6f0-3a41-44ee-92ff-8da70083b55d.mp3,Italian
d5957c75-714a-4a2d-aadc-1a02ebe34790.mp3,English
d6b81550-83c0-42ea-8b2e-0c558913ac34.mp3,Spanish
d6c11c94-a2fc-4d5c-8502-0c2b56042dbe.mp3,Spanish
d7487b85-69a1-4f06-b1e7-b9a895d2ed7a.mp3,English
d7d64990-221b-46c2-acb1-5da280c6a29c.mp3,English
d7f5723a-3e1b-47fc-a485-e599e41cae88.mp3,English
d8141819-e7b3-4185-ab3e-674d25af7f0b.mp3,English
d838c961-5773-4c13-9078-a38787551cfd.mp3,Spanish
d8cac3d0-a149-4f61-af68-3d8f7a2f8a40.mp3,Spanish
d9108b41-0bf0-4ec9-956f-f1698f7983e1.mp3,English
d97bb002-4034-4d3e-963d-db7c21e8b9e7.mp3,Italian
d9be11c8-ee69-49c9-9a5b-4abb2fb05eaa.mp3,German
daed36a7-4391-468d-add0-71affb07109c.mp3,French
db9883c9-fbdf-4fe8-9542-0a9e19055c50.mp3,Spanish
dc2bc39b-6ab1-4e42-9f01-1636896adfa3.mp3,English
dc79dafc-180c-401f-a267-f98d6506821d.mp3,Spanish
dc9d1d24-2593-4f47-a95e-99523e0651e9.mp3,German
deb18c57-6131-4511-912b-ffef6bd11754.mp3,Italian
decc01c3-1410-4454-ab0c-1881714c77c4.mp3,Spanish
defa49e6-5837-4f5b-b6c6-31a5eb43dd76.mp3,English
df21d27d-07ef-4c5e-896c-a2604ed3c19e.mp3,Spanish
df2c3575-f696-489e-a8d5-b161e883559b.mp3,French
df93fb79-88d6-468e-89f9-37e7f0abc722.mp3,Italian
e0cd90bd-9c43-490c-a097-34e23db656f7.mp3,English
e1d80a2e-ba03-4319-b380-252138dfdb9d.mp3,German
e1e515c8-7ca7-4c17-ba0e-af2ff0cb2d03.mp3,Italian
e233b709-d900-40f7-aa1b-4cbd87594aa4.mp3,Italian
e3009ac6-e337-477d-8fb3-6a37eabc7406.mp3,Italian
e364e261-5ec2-4b6c-9f7e-240b6a8a4915.mp3,Italian
e39788a4-56f4-4f9e-a5e3-1d1703b171cf.mp3,French
e41b9fa2-1827-4b3c-b414-e129876824a0.mp3,German
e453a796-86c5-46bd-9a2a-32e39672595f.mp3,Italian
e5fc7c16-de6f-46c2-a86f-311aa42ad296.mp3,English
e6044d40-c6f3-423b-8420-59e3cd78f562.mp3,German
e6596d3b-40fb-4f3d-b690-760be5b3bfcb.mp3,English
e7739733-9205-45b1-9a38-469e5b240126.mp3,German
e7e4b9e1-0edf-43a6-8b20-c99762d3d24d.mp3,German
e85224f6-f561-4146-a992-dde7b95681f3.mp3,English
e87942cc-771e-47df-8a8d-9e64998c29ad.mp3,English
e9be46af-6464-4e6a-a390-404900973604.mp3,English
e9ee8bba-7bcd-49e0-9c85-fdeba0d08403.mp3,English
ea046667-d5b7-4374-8e5e-c0fb5d01dafe.mp3,German
eb5cb5e9-e380-4941-900f-e86ed4dc42e9.mp3,Spanish
ec16c181-8b7c-478a-be51-bddb2e5bed46.mp3,German
ec651be4-1a78-436c-afc7-8924c906f0c6.mp3,Italian
ec661b7c-e546-4d2f-a923-46ca8f9c6341.mp3,Spanish
ecee87d4-a020-4473-b626-6c9f7883e913.mp3,Italian
ed1a2ca1-3558-4b67-b149-36ea48d5c08d.mp3,Spanish
ed476d51-a6f7-4bdc-a0ec-192508cea46e.mp3,German
edf99187-1e8a-4259-858a-765e8fe71514.mp3,German
ee2b2006-9375-41be-9e42-3ceffca953ad.mp3,Italian
ee8727a0-446c-4dfb-b76d-74b7457de454.mp3,Spanish
eece0e88-0806-48a2-a266-cb788894878a.mp3,French
f02a4e3e-a247-4503-b99f-6cad2bd995fe.mp3,Italian
f031cad9-78b9-4953-9cbe-8b04e5a9c7b7.mp3,Italian
f1eb34fa-af2c-4dd7-a844-a2b5d6dd71d4.mp3,French
f4be4be9-79d0-4691-8581-76f577c8578e.mp3,English
f5a42c7b-b4a3-40db-a7bf-544710c3d90a.mp3,French
f6817130-1d15-44bd-a464-ac8628e8badb.mp3,German
f81f715f-8085-4ee3-8ca3-205549f04f51.mp3,English
f8296a11-8c80-4723-b78e-dbbf0c843f7b.mp3,Italian
f88be697-3f7b-4354-863d-122eb8ae2c6d.mp3,English
f995dca2-2208-425f-beed-8f05106c3b36.mp3,English
f9ce327b-2b2e-4b69-a2b3-5d724e3f229e.mp3,French
fa848f21-2a9b-4905-a0c1-9d787a3c1f7d.mp3,Spanish
faa6433f-19dc-4e4d-9b3a-77f5e333579a.mp3,Italian
fb57b4ec-b638-4756-a40c-1a9b70ae84b8.mp3,Spanish
fbe5e5eb-2dd5-4e9c-b31b-a770794034a2.mp3,Spanish
fc5395b8-3ccf-4344-b16b-82f9502dad5b.mp3,French
fca19c50-2bc6-4999-b751-de6a87be22e3.mp3,Italian
fd42d6ec-c86a-476d-bd10-1ab27d2beb54.mp3,English
fd58be5a-5cc7-49f1-89c6-aa1326e9abb2.mp3,English
fe3bd6a7-6c1a-48e4-b472-1d5585ae6461.mp3,English
fe9ad60d-86f8-4216-b3fb-a2cbaa80c954.mp3,Italian
feb2fa57-fdcd-48a2-82bf-67e3434249a8.mp3,Italian
fef49f30-a3af-4621-941e-5d334e83d9f9.mp3,Spanish
ffea344c-e8a6-4697-a952-2580c4c15e48.mp3,German
